fid,name,latitude,longitude,gebied,hoofddomein,domeinen,website,koepels,initiatief_type,location_type
1,KeileCollectief,51.90818248,4.433207005,Nieuw Mathenesse,Circulair,Circulair,https://www.keilecollectief.nl/,,plek,point
2,Katoenhuis,51.90731041,4.43116691,Nieuw Mathenesse,Cultuur,Cultuur,https://www.katoenhuis.nl/,,plek,point
3,Kunst & Complex,51.90853313,4.430485489,Nieuw Mathenesse,Cultuur,Cultuur,https://m4hrotterdam.nl/projecten/kunst-complex/,,plek,point
4,Brutus,51.90895656,4.431130793,Nieuw Mathenesse,Cultuur,Cultuur,https://brutus.nl/,,plek,point
5,Voedseltuin Rotterdam (M4H),51.90846834,4.432471601,Nieuw Mathenesse,Groen,Groen; Voedsel,https://voedseltuin.com/,Groen010,plek,point
6,Buurttuin Dakpark Rotterdam,51.9078494,4.439333066,Bospolder,Groen,Groen,https://www.dakparkrotterdam.nl/,De Groene Connectie; Groen010,plek,point
7,Materiaalhub M4H,51.9093514,4.433238031,Nieuw Mathenesse,Circulair,Circulair,,,plek,point
8,Getijdenpark Keilehaven,51.90807944,4.431094921,Nieuw Mathenesse,Groen,Groen,https://m4hrotterdam.nl/projecten/keilehaven/,,plek,point
9,Stadspark West,51.93103787,4.449429071,Delfshaven; Landzicht; Zestienhoven; Blijdorpsepolder; Overschie; Nieuwe Westen; Blijdorp; Spangen,Groen,Groen,https://stadsparkwest.nl/,De Groene Connectie; Groen010,wijk,area
10,Stichting Art is Home,51.89418027,4.509446786,Hillesluis,Cultuur,Cultuur,https://artishome.org/nl,,plek,point
11,Stichting Schiezicht,51.91382323,4.444943865,Delfshaven,Welzijn,Welzijn,https://www.schiezicht.com/,,plek,point
12,TEX - Het Textielatelier,51.9116382,4.442459504,Bospolder; Tussendijken,Circulair,Circulair,https://rotterdamcirculair.nl/agenda/het-textielatelier,Rotterdam Circulair,plek,point
13,Stichting Rijnmond Multicultureel Centrum,51.9078612,4.442473447,Delfshaven,Welzijn,Welzijn,https://www.wijkconnect.com/rotterdam/delfshaven/organisaties/1947/stichting-rijnmond-multicultureel-centrum,,plek,point
14,Het Bollenpandje,51.90922898,4.444162262,Bospolder; Tussendijken,Welzijn,Welzijn; Circulair,https://www.wijkconnect.com/rotterdam/delfshaven/organisaties/2558/zelfregie-huis-delfshaven,,plek,point
15,Weggeefwinkel Yess!,51.9099138,4.442093018,Bospolder; Tussendijken,Circulair,Circulair,https://yess.nu/,,plek,point
16,Doorgeefwinkel GoedGoed,51.9113433,4.442833703,Bospolder; Tussendijken,Circulair,Circulair,https://zwerfierotterdam.nl/2024/10/26/zwerfie-opent-doorgeefwinkel-goedgoed/,Rotterdam Circulair,plek,point
17,Huis van de Toekomst BoTu,51.9124138,4.442865861,Bospolder; Tussendijken,Energie,Energie; Wonen; Welzijn,https://www.huisvandetoekomst.org/,Energie van Rotterdam,plek,point
19,Stichting Open Haard,51.91595813,4.438127708,Spangen,Welzijn,Welzijn,https://stichtingopenhaard.nl,,plek,point
20,Bouwkeet,51.91163954,4.4376542,Delfshaven,Cultuur,Cultuur,https://bouwkeet.org/,,plek,point
21,Speel-o-theek Klein Duimpje,51.9107542,4.44470405,Bospolder; Tussendijken,Circulair,Circulair,https://delfshavenlokaal.nl/,Rotterdam Circulair,plek,point
22,Stichting de Veerkrachtige Gemeenschap,51.90927426,4.444188634,Bospolder; Tussendijken,Welzijn,Welzijn,https://veerkrachtigegemeenschap.org/,Welzijnscoalitie Delfshaven,plek,point
23,Opknapstation,51.91425483,4.422123732,Oud Mathenesse,Circulair,Circulair,https://rotterdamcirculair.nl/agenda/opknapstation-naaicafe,Rotterdam Circulair,plek,point
24,De Groene Garage,51.91646474,4.439656409,Spangen,Cultuur,Cultuur; Welzijn; Voedsel,https://www.de-groene-garage.nl/,,plek,point
25,Stichting Jeugdactiviteiten,51.91909807,4.417893162,Oud Mathenesse,Welzijn,Welzijn,https://www.stichtingjeugdactiviteiten.nl/,Welzijnscoalitie Delfshaven,plek,point
26,Speeltuin Confetti,51.91313768,4.451854091,Nieuw Mathenesse,Groen,Groen,https://speeltuin-confetti.jouwweb.nl/,,plek,point
27,The NiteShop,51.91019943,4.443308559,Delfshaven,Cultuur,Cultuur,https://theniteshop.com/,,plek,point
28,Stichting Kledingbank Rotterdam,51.90450162,4.453508998,Delfshaven,Circulair,Circulair,https://www.kledingbank-rotterdam.nl/,,plek,point
29,Kinderatelier Punt 5,51.91041955,4.448285812,Delfshaven,Cultuur,Cultuur; Circulair,https://www.kinderatelierpunt5.nl/,,plek,point
30,Het BuurtAtelier,51.91244342,4.46083084,Middelland,Cultuur,Cultuur; Circulair,https://hetbuurtatelier.nl/,,plek,point
31,Essenburgpark,51.92268598,4.44960189,Middelland,Groen,Groen,https://essenburgpark.nl,De Groene Connectie; Groen010,plek,point
32,Wijkpaleis,51.91510822,4.459756408,Middelland,Cultuur,Cultuur; Welzijn,https://www.wijkpaleis.nl/,Welzijnscoalitie Delfshaven,plek,point
33,Stichting Pluspunt,51.91349418,4.448084965,Nieuwe Westen,Circulair,Circulair; Welzijn,https://www.pluspuntrotterdam.info/,Rotterdam Circulair,plek,point
34,Stichting Gezana,51.91768905,4.452123735,Nieuwe Westen,Welzijn,Welzijn,https://www.stichtinggezana.nl/,,plek,point
35,Leespaleis de Pupillen,51.9107132,4.450761524,Nieuwe Westen,Welzijn,Welzijn,https://leespaleis.nl/,,plek,point
36,Tuin de Bajonet,51.91594775,4.464142509,Oude Westen,Groen,Groen,https://www.tuindebajonet.nl/,Groen010,plek,point
37,Het Lab Rotterdam,51.90297275,4.449233553,Schiemond,Circulair,Circulair; Cultuur,https://hetlabrotterdam.nl,Rotterdam Circulair,plek,point
38,Tuin op de Pier,51.90166204,4.460456535,Schiemond,Groen,Groen,https://www.tuinopdepier.nl/,Groen010,plek,point
39,Weggeefwinkel Delen is Helen,51.928,4.478,Agniesebuurt,Circulair,Circulair,https://rotterdamcirculair.nl/actueel/niets-weggooien-de-weggeefwinkel-de-agniesebuurt-bewijst-dat-het-kan,Rotterdam Circulair,plek,point
40,Iedereen aan Boord (Ruilwinkel),51.913,4.495,Noordereiland,Circulair,Circulair,https://www.iedereenaanboord.nu/,Rotterdam Circulair,wijk,point
41,Gouwe (kl)ouwe,51.88829926,4.48540267,Carnisse,Welzijn,Welzijn,https://www.instagram.com/gouwe.klouwe/,,plek,point
42,Het Platform: Katendrecht,51.90005506,4.483171573,Katendrecht,Welzijn,Welzijn,https://www.platformkatendrecht.nl/,,plek,point
43,Cultuurwerkplaats Tarwewijk,51.89457566,4.493136933,Tarwewijk,Welzijn,Welzijn; Circulair,https://cultuurwerkplaatstarwewijk.nl/,,plek,point
44,Leeszaal West,51.91643215,4.466474009,Oude Westen,Cultuur,Cultuur,https://leeszaalrotterdamwest.nl/,Welzijnscoalitie Delfshaven,plek,point
45,BlueCity,51.91985586,4.500871408,Struisenburg,Circulair,Circulair,https://bluecity.nl/,Rotterdam Circulair,netwerk,point
46,Verhalenhuis Belvedere,51.90124303,4.481845831,Katendrecht,Cultuur,Cultuur,https://verhalenhuisrotterdam.nl/,,plek,point
47,Stadskwekerij - De KAS,51.9289542,4.457820324,Blijdorp,Groen,Groen,https://stadskwekerijdekas.nl/,Groen010,plek,point
48,City Forest Communities,51.87347843,4.468962999,Pendrecht,Groen,Groen,https://www.pinarbalat.com/city-forest-communities,Groen010,plek,area
50,Mobility Challenge Hoogkwartier,51.92004851,4.487044437,Stadsdriehoek,Mobiliteit,Mobiliteit,https://mchoogkwartier.nl/,,plek,area
51,Biobulkbende,51.9121416,4.44260115,Rotterdam,Voedsel,Voedsel; Circulair,https://biobulkbende.org/,,plek,point
52,Mensa Mensa,51.89609588,4.506346015,Rotterdam,Voedsel,Voedsel; Welzijn,https://mensa-mensa.nl/,,plek,point
53,Sponstuin,51.90929806,4.434397842,Nieuw Mathenesse,Voedsel,Voedsel; Groen,https://www.urbanisten.nl/work/sponge-garden-dhkxw,Rotterdams Weerwoord,plek,point
54,Nieuwe Instituut,51.91471297,4.471175761,Rotterdam,Cultuur,Cultuur,https://nieuweinstituut.nl/,,plek,point
55,Centraal Wonen De Banier,51.9298943,4.47369571,Agniesebuurt,Wonen,Wonen,https://www.cwdebanier.nl/,RoCoCo; Energie van Rotterdam,plek,area
56,Centraal Wonen Zevenkamp,51.96913342,4.568368937,Zevenkamp,Wonen,Wonen,https://cw7.nl/,RoCoCo,plek,area
57,Delfshaven Energie Coöperatie,51.9101887,4.448595345,Delfshaven; Witte Dorp; Oud Mathenesse; Spangen; Midelland; Nieuwe Westen; Bospolder; Schiemond; Tussendijken,Energie,Energie; Klimaat,https://delfshavenenergiecooperatie.nl/,Energie van Rotterdam,netwerk,area
58,Blijstroom,51.93101667,4.469669401,Stadsdriehoek;Provenierswijk; Oude Noorden; Bergpolder; Blijdorp; Agniesebuurt; Liskwartier,Energie,Energie; Klimaat,https://blijstroom.nl/,Energie van Rotterdam,netwerk,area
59,Zon op Zuid,51.901394,4.504473273,Noordereiland; Feijenoord; Bloemhof; Kop van Zuid - Entrepot; Kop van Zuid; Afrikaanderwijk; Katendrecht; Tarwewijk; Bloemhoef; Hillesluis; Oud Ijsselmonde; Oud Charlois; Waalhaven; Waalhaven Zuid; Zuiderpark; Pendrecht; Zuidwijk; Carnisse; Zuidplein; Vreewijk; Lombardijen; Wielewaal; Charlois Zuidrand; Groot Ijsselmonde; Beverwaard; Waalhaven Zuid,Energie,Energie; Klimaat,https://zonopzuid.nl/,Energie van Rotterdam,plek,area
60,Alex Energie,51.94600299,4.561196019,Het Lage Land; Oosterflank; Prinsenland; Ommoord; ’s Gravenland; Zevenkamp; Nesselande,Energie,Energie; Klimaat,https://alexenergie.nl/,Energie van Rotterdam,plek,area
61,Beheercooperatie W1555,51.89281435,4.468450467,Oud Charlois,Wonen,Wonen,https://www.w1555.org/about-1,Energie van Rotterdam; RoCoCo,plek,area
62,Buitenplaats Brienennoord,51.89988858,4.536969602,Oud Ijsselmonde,Klimaat,Klimaat; Cultuur,https://www.buitenplaatsbrienenoord.nl/,Groen010,plek,point
63,Buurtklimaatje,51.90921162,4.476566424,Rotterdam,Klimaat,Klimaat,https://www.buurtklimaatje.nl/,Rotterdams Weerwoord,plek,area
64,Herenboeren,51.97277401,4.471821922,Rotterdam,Voedsel,Voedsel,https://herenboeren.nl/,,plek,point
66,Gore Tengels,51.90226955,4.450903184,Schiemond,Groen,Groen,https://goretengels.nl/,,plek,point
67,Give a Bike,51.90233943,4.451369675,Schiemond,Mobiliteit,Mobiliteit,https://www.giveabike.nl/,,plek,area
68,Gebiedscoöperatie Keilekwartier,51.90823949,4.433359772,Nieuw Mathenesse,Circulair,Circulair,,Rotterdam Circulair,netwerk,area
69,Rotterdam Circulair,51.90633217,4.459476356,Rotterdam,Circulair,Circulair,https://rotterdamcirculair.nl/,Rotterdam Circulair,plek,area
70,Placebased,51.90870496,4.4342005,Nieuw Mathenesse,Cultuur,Cultuur; Wonen,https://placebased.nl/,Rotterdam Circulair,plek,area
71,Delfshaven Coöperatie,51.91039777,4.448429111,Delfshaven; Witte Dorp; Oud Mathenesse; Spangen; Midelland; Nieuwe Westen; Bospolder; Schiemond; Tussendijken,Wonen,Wonen,https://delfshavencooperatie.nl/,Welzijnscoalitie Delfshaven,plek,area
72,Delfshaven Helpt,51.910751,4.440336165,Delfshaven; Witte Dorp; Oud Mathenesse; Spangen; Midelland; Nieuwe Westen; Bospolder; Schiemond; Tussendijken,Welzijn,Welzijn,https://www.zorgvrijstaat.nl/delfshaven-helpt/,Welzijnscoalitie Delfshaven,plek,area
73,BoTu Buurthuiskamers,51.9134528,4.439496917,Bospolder; Tussendijken,Welzijn,Welzijn; Cultuur,https://bospoldertussendijken.nl/organisaties/,Welzijnscoalitie Delfshaven,plek,area
74,Studio Delfshaven,51.90854323,4.446777545,Delfshaven; Witte Dorp; Oud Mathenesse; Spangen; Midelland; Nieuwe Westen; Bospolder; Schiemond; Tussendijken,Cultuur,Cultuur,https://www.wijkconnect.com/rotterdam/organisaties/8895/studio-delfshaven?usergroup_id=8895&usergroup=studio-delfshaven,,plek,area
75,Wijkplatform Delfshaven Zuid,51.91209092,4.439653675,Bospolder; Tussendijken,Welzijn,Welzijn; Wonen,https://www.wijkconnect.com/rotterdam/delfshaven/organisaties/391/wijkplatform-delfshaven-zuid,Welzijnscoalitie Delfshaven,plek,area
76,Wijk in Bloei,51.91856777,4.422683975,Oud Mathenesse,Groen,Groen; Klimaat,https://mathenesseaandemaas.nl/wijk-in-bloei/,Groen010; Rotterdams Weerwoord,plek,area
77,Huize Middelland,51.91432909,4.459718636,Middelland,Welzijn,Welzijn; Cultuur,https://huizemiddelland.nl/,Welzijnscoalitie Delfshaven,plek,area
78,Thuis in West,51.91484709,4.458226362,Middelland,Welzijn,Welzijn; Wonen,https://www.thuisinwest.nl/,,plek,point
79,De Stadstuinier,51.90987734,4.454025765,Nieuwe Westen,Groen,Groen; Voedsel; Klimaat,https://destadstuinier.nl/,Groen010,plek,area
80,Groep Goed Wonen,51.91363236,4.450577746,Nieuwe Westen,Wonen,Wonen; Welzijn,https://www.rotterdam-010.nl/bewonersvereniging-groep-goed-wonen-3023hg/,,plek,area
81,Buurman Rotterdam,51.90218203,4.450379187,Schiemond,Circulair,Circulair; Cultuur,https://buurmanrotterdam.nl/,Rotterdam Circulair,plek,area
82,Wijkcooperatie Agniesebuurt,51.92892768,4.478628353,Agniesebuurt,Wonen,Wonen; Welzijn,https://www.agniesewijkbv.nl/,,plek,area
83,Afrikaanderwijk Coöperatie (Grondstoffestation),51.89884907,4.500392275,Afrikaanderwijk,Circulair,Circulair; Cultuur; Welzijn,https://wijkcooperatie.org/nl/home/,Rotterdam Circulair,plek,area
84,Tarwekracht,51.89393055,4.487379243,Tarwewijk,Welzijn,Welzijn; Wonen,https://tarwekracht.nl/,,plek,area
85,Wijkcoöperatie Crooswijk,51.93039978,4.496729385,Nieuw Crooswijk; Oud Crooswijk,Wonen,Wonen; Welzijn,,,plek,area
86,Vreewijk Coöperatie,51.8844607,4.507000667,Vreewijk,Wonen,Wonen; Welzijn,https://www.vreewijkcooperatie.nl/,,plek,area
87,Botucoöp (in oprichting),51.912776,4.441721079,Bospolder; Tussendijken,Wonen,Wonen; Welzijn,https://botucoop.nl/,,plek,area
88,ZOHOCITIZENS Ondernemerscollectief,51.92916156,4.478660412,Zomerhofkwartier,Cultuur,Cultuur; Welzijn; Wonen,https://zohorotterdam.nl/,,netwerk,point
89,Wijkcoöperatie Noord (in oprichting),51.92894264,4.478156484,Blijdorp; Provenierswijk; Bergpolder; Agniesebuurt; Liskwartier,Wonen,Wonen; Welzijn,"https://zohorotterdam.nl/wijk-coop-010/#:~:text=De%20Wijkco%C3%B6peratie%20Rotterdam%20(Noord)%20is,te%20benutten%20voor%20de%20wijk.",,plek,area
91,Nationaal Park Rotterdam,51.90583697,4.469879124,Rotterdam,Klimaat,Klimaat; Groen,https://www.nationaalparkstadrotterdam.nl/over-ons,Groen010; Rotterdams Weerwoord,plek,area
92,Bewonersvereniging Stampioendwarsstraten,51.91214086,4.50468014,Feijenoord,Wonen,Wonen; Groen,https://www.stampioendwarsstraten.nl/,,plek,area
93,Kralingen aan de Maas,51.91828668,4.513105804,Struisenburg; Kralingen Oost; De Esch,Wonen,Wonen; Mobiliteit,https://kralingenaandemaas.nl/,,wijk,area
94,Rotterdams Tij,51.89777064,4.521298405,Oud Ijsselmonde,Klimaat,Klimaat; Groen,https://rotterdams-tij.nl/,,plek,point
95,Buurtcollectief De Esch,51.91326407,4.520585399,De Esch,Wonen,Wonen; Welzijn,https://www.buurtcollectiefdeesch.nl/projecten/,,plek,point
97,Wijkwijs (onderzoek),51.91985414,4.462865353,Rotterdam,Cultuur,Cultuur,https://wijkwijs.nl/,,plek,area
98,Essajo,51.91532795,4.437682009,Rotterdam,Cultuur,Cultuur,https://www.stichtingessajo.com/,,plek,point
99,Recht op de stad,51.91669484,4.473442408,Rotterdam,Wonen,Wonen,https://rechtopdestad.nl/,,plek,area
100,Stadslab zeggenschap,51.88983023,4.464685357,Rotterdam,Wonen,Wonen,,,plek,area
101,Kunstlab + buren,51.87152422,4.483114284,Rotterdam,Cultuur,Cultuur; Welzijn,https://www.grootrotterdamsatelierweekend.nl/locaties/bornerveld/,,plek,point
102,Stichting Hart voor Prins Alexander,51.97016642,4.548303666,Het Lage Land; Oosterflank; Prinsenland; Ommoord; ’s Gravenland; Zevenkamp; Nesselande,Cultuur,Cultuur,https://sites.google.com/shvpa.nl/stichting,,plek,area
103,N8W8 R'dam,51.92143838,4.477567615,Rotterdam,Cultuur,Cultuur,https://n8w8rdam.nl/,,netwerk,point
104,Rotterdam loopt,51.90493383,4.49361203,Rotterdam,Welzijn,Welzijn; Mobiliteit,https://www.burgerpanelrotterdam.nl/rotterdam-loopt/,,plek,area
105,Coöperatie Wijkmobiliteit Rotterdam,51.88862803,4.533558674,Rotterdam,Mobiliteit,Mobiliteit; Welzijn,https://cwr.nu/,,plek,area
106,Coöperatie de Veldfabriek Rotterdam,51.9024147,4.451540246,Rotterdam,Voedsel,Groen; Voedsel; Welzijn,https://www.veldfabriek.nl/,,plek,point
107,De Urbanisten,51.908,4.433,Nieuw Mathenesse,Klimaat,Klimaat; Groen; Wonen,https://www.urbanisten.nl/,,plek,point
108,Rotterdams Weerwoord,51.91407614,4.478164617,Rotterdam,Klimaat,Klimaat; Groen,https://rotterdamsweerwoord.nl/,,plek,area
111,Warm010,51.91498151,4.473866746,Rotterdam,Welzijn,Welzijn,,Welzijnscoalitie Delfshaven,netwerk,area
112,Thuismakerscollectief,51.93191194,4.488744138,Rotterdam,Wonen,Wonen; Welzijn; Cultuur,,,plek,area
113,Pleidooi voor Plek,51.89665742,4.466588974,Rotterdam,Voedsel,Voedsel,https://pleidooivoorplek.nl/,,netwerk,area
114,Platform Rotterdamse Volkstuinen,51.93847759,4.45358232,Rotterdam,Groen,Groen,https://rotterdamsevolkstuinen.nl/,Groen010,netwerk,area
115,Schiehaven Noord,51.90299023,4.454753805,Schiemond,Wonen,Wonen,https://www.rotterdam.nl/schiehaven-noord,RoCoCo,plek,point
116,Jacobustuin,51.91772222,4.473527778,Cool,Groen,Groen,http://www.jacobustuin.nl,,plek,point
117,Eendrachtstuin,51.91330556,4.477388889,Cool,Groen,Groen,,,plek,point
118,Minivoedselbos Rotterdam Central District,51.925458,4.474973,Cs Kwartier,Groen,Groen,,Groen010,plek,point
119,DakAkker,51.92545452,4.476733908,Cs Kwartier,Groen,Groen,www.dakakker.nl,Groen010,plek,point
120,Landje van Geluk,51.9100593,4.464058609,Dijkzigt,Groen,Groen,,Groen010,plek,point
121,Coolhavenpark,51.90975,4.460833333,Dijkzigt,Groen,Groen,https://www.stichtingtuschinskirotterdam.nl/over-de-stichting,Groen010,plek,point
122,Het Kleine Avonturenpark,51.90816667,4.460972222,Dijkzigt,Groen,Groen,http://hetkleineavonturenpark.blogspot.nl/,Groen010,plek,point
123,Wijktuin Oude Westen,51.91880556,4.470666667,Oude Westen,Groen,Groen,https://www.facebook.com/komengeniet/,Groen010,plek,point
124,Dierenhofje,51.918421,4.471003,Oude Westen,Groen,Groen,https://aktiegroepoudewesten.nl/aanvraagformulier-wow-initiatief/wijkpark/,Groen010,plek,point
125,Aktiegroep het Oude Westen,51.9195,4.468305556,Oude Westen,Groen,Groen,http://aktiegroepoudewesten.nl/groepen/wijkpark/,Groen010,plek,point
126,Herenplaats / OMI Binnenterrein,51.9165,4.465555556,Oude Westen,Groen,Groen,https://www.herenplaats.nl/,Groen010,plek,point
127,Habitat tuin,51.91422222,4.479861111,Stadsdriehoek,Groen,Groen,https://www.cooperatiestek.nl/project/educatieve-buurttuin/,Groen010,plek,point
128,Trappentuinen Ketelaar- en Blekerstraat,51.913914,4.481643,Stadsdriehoek,Groen,Groen,,Groen010,plek,point
129,Klimplantentuin Galerij en Binnenrotte,51.924986,4.481317,Stadsdriehoek,Groen,Groen,https://www.nieuwsbrievenrotterdam.nl/nieuwsbrief/?accessible=&id=e04050a8-b691-4662-a279-7da42fc553e9&idc=41379&ida=67357#name41379,Groen010,plek,point
130,Trappentuinen Bleker- en Ketelaarstraat,51.915675,4.481565,Stadsdriehoek,Groen,Groen,,Groen010,plek,point
131,Vredestuin Centrum,51.92541667,4.480444444,Stadsdriehoek,Groen,Groen,www.groengoedrotterdam.com,Groen010,plek,point
132,Van Swietenhof,51.886087,4.485587,Carnisse,Groen,Groen,https://nl-nl.facebook.com/vanswietenhof/,Groen010,plek,point
133,Katendrechtse Lagedijkplein,51.890595,4.478642,Carnisse,Groen,Groen,,Groen010,plek,point
135,Groene Oase op Zuid,51.885505,4.481273,Carnisse,Groen,Groen,https://www.degroeneoaseopzuid.nl/,Groen010,plek,point
136,t O-tje,51.88597222,4.462083333,Charlois,Groen,Groen,https://hetotje.nl/,Groen010,plek,point
137,Binnentuinvereniging Het Verborgen Geheim,51.89181291,4.419027467,Heijplaat,Groen,Groen,https://www.facebook.com/binnentuinhvg/,Groen010,plek,point
138,Charloisse Kerktuin,51.89280556,4.466444444,Oud Charlois,Groen,Groen,www.oudekerkcharlois.nl,Groen010,plek,point
139,Ontmoetingstuin (ook: Hassan Jatimtuin),51.893717,4.466023,Oud Charlois,Groen,Groen,https://www.facebook.com/Ontmoetingstuin,Groen010,plek,point
140,Stichting Charlois aan de Vliet,51.88691667,4.465805556,Oud Charlois,Groen,Groen,,Groen010,plek,point
141,Foundation B.a.d.,51.88641667,4.467,Oud Charlois,Groen,Groen,https://www.foundationbad.nl/,Groen010,plek,point
142,Hugohofje,51.887,4.469916667,Oud Charlois,Groen,Groen,https://www.facebook.com/Hugohofje/,Groen010,plek,point
143,Arboretum Pendrecht,51.86983333,4.470083333,Pendrecht,Groen,Groen,https://www.facebook.com/ArboretumPendrecht/,Groen010,plek,point
144,Cultuurwerkplaats Tarwewijk - Binnentuin,51.89488889,4.49325,Tarwewijk,Groen,Groen,https://www.facebook.com/cultuurwerkplaatstarwewijk,Groen010,plek,point
145,Buurttuin Mijnsherenlaan,51.891851,4.489307,Tarwewijk,Groen,Groen,https://www.nieuwsbrievenrotterdam.nl/nieuwsbrief/?accessible=&id=028f4d5b-df5b-455a-8c28-a1aac4fa0052&idc=30805&ida=67357#name30805,Groen010,plek,point
146,Hof van Bas,51.89234552,4.478373357,Tarwewijk,Groen,Groen,https://www.houseofhope.nl/,Groen010,plek,point
147,Tiny House Community de Kleine Burg,51.87309,4.50361,Zuiderpark,Groen,Groen,www.dekleineburg.nl,Groen010,plek,point
148,Veldentuin of Bornerveldtuin,51.871515,4.482882,Zuidwijk Slinge,Groen,Groen,https://www.skar-ateliers.nl/locaties/bornerveld/,Groen010,plek,point
150,Stadsherder (bij Buurttuin),51.90675,4.441722222,Bospolder,Groen,Groen,https://www.facebook.com/lorenzo.bertolotto.5,Groen010,plek,point
151,Huis van de toekomst binnentuin,51.91201518,4.442942173,Bospolder,Groen,Groen,https://www.huisvandetoekomst.org/,Groen010,plek,point
152,Bollenpandje Buitenboel,51.90930556,4.44425,Bospolder; Tussendijken,Groen,Groen,https://nl-nl.facebook.com/HetBollenpandjeBoTu/,Groen010,plek,point
153,Park 1943 - actieve bewoners,51.91297222,4.439444444,Bospolder; Tussendijken,Groen,Groen,www.delfshavencooperatie.nl/park-1943,Groen010,plek,point
154,De Nieuwe Tuin,51.90827778,4.460944444,Delfshaven,Groen,Groen,www.facebook.com/DeNieuweTuinRotterdam,Groen010,plek,point
155,Havenstraattuin,51.90529622,4.45241662,Delfshaven,Groen,Groen,,Groen010,plek,point
156,Pluktuin Lange Dijkstraat,51.906456,4.451512,Delfshaven,Groen,Groen,,Groen010,plek,point
157,Schat van Schoonderloo,51.90613889,4.453055556,Delfshaven,Groen,Groen,http://www.schatvanschoonderloo.nl/,Groen010,plek,point
158,Tuin op de Pier,51.90136111,4.459833333,Schiemond,Groen,Groen,www.tuinopdepier.nl,Groen010,plek,point
159,De Spoortuin,51.92302778,4.456833333,Middelland,Groen,Groen,www.instagram.com/spoortuin/,Groen010,plek,point
160,Graaf Florisstraat: Regentuinen,51.91952778,4.457472222,Middelland,Groen,Groen,www.graafflorisstraat.nl,Groen010,plek,point
161,Graaf Florisstraat (vereniging ter bevordering),51.91933333,4.457472222,Middelland,Groen,Groen,www.graafflorisstraat.nl,Groen010,plek,point
162,Paleistuin Wijkpaleis,51.91508333,4.460388889,Middelland,Groen,Groen,https://www.wijkpaleis.nl/,Groen010,plek,point
163,Het Dierenlandje,51.91938889,4.461527778,Middelland,Groen,Groen,www.facebook.com/Dierenlandje,Groen010,plek,point
164,Palet,51.91122222,4.458388889,Middelland,Groen,Groen,www.madeby.works,Groen010,plek,point
165,Dorpsplein Marconistraat,51.913139,4.421158,Nieuw Mathenesse,Groen,Groen,https://overmathenesse.nl/correspondent/dorpsplein-marconistraat,Groen010,plek,point
166,Mathenesse aan de Maas,51.913216,4.418521,Nieuw Mathenesse,Groen,Groen,https://www.mathenesseaandemaas.nl/nieuws/9hp9y6n5rridwjans4f7mts22fcbwl,Groen010,plek,point
167,Voedseltuin Rotterdam,51.90869444,4.43275,Nieuw Mathenesse,Groen,Groen,www.voedseltuin.com,Groen010,plek,point
170,Tidemanplein - Tidemantuinieren,51.91741667,4.448416667,Nieuwe Westen,Groen,Groen,https://www.ad.nl/rotterdam/hoe-een-dieptepunt-in-de-tidemanstraat-de-bewoners-juist-met-elkaar-verbond~a4bc0add/,Groen010,plek,point
171,De Omscholing,51.91405556,4.451861111,Nieuwe Westen,Groen,Groen,http://www.omscholing.net/about/,Groen010,plek,point
172,Nozepandje (Nozemapandje),51.91522904,4.452501701,Nieuwe Westen,Groen,Groen,https://www.facebook.com/Nozepandje-590173391003418,Groen010,plek,point
173,Heemtuin (besloten binnentuin),51.91516667,4.453555556,Nieuwe Westen,Groen,Groen,,Groen010,plek,point
174,Vlondertuin Mouterbrug,51.90613889,4.448444444,Oud Delfshaven,Groen,Groen,,Groen010,plek,point
175,Spoordijk Spangen,51.917859,4.429363,Oud Mathenesse,Groen,Groen,www.facebook.com/natuurlijkspangen,Groen010,plek,point
176,Buurttuin Oud Mathenesse,51.914189,4.422672,Oud Mathenesse,Groen,Groen,http://buurttuin.info/,Groen010,plek,point
177,Schiemond Vergroent,51.90332,4.442454,Schiemond,Groen,Groen,https://www.instagram.com/schiemond_vergroent/,Groen010,plek,point
178,Voedselbos Borgerstraat,51.920298,4.435932,Spangen,Groen,Groen,https://explorer.land/p/project/rotterdam-food-forest/site/33h16Q/about,Groen010,plek,point
180,Wallisblok Spangen,51.9175,4.441138889,Spangen,Groen,Groen,,Groen010,plek,point
181,Staringtuin,51.91851393,4.438120837,Spangen,Groen,Groen,http://www.studiojoostvandijk.nl/staringtuin/,Groen010,plek,point
182,Blauwe Vos,51.91778692,4.439180043,Spangen,Groen,Groen,,Groen010,plek,point
183,Bellamyplein Waterplein - buurtkas op,51.91633333,4.433694444,Spangen,Groen,Groen,,Groen010,plek,point
184,Nieuwe Buren,51.91575,4.434333333,Spangen,Groen,Groen,https://platformbinnentuinen.nl/tuinen/de-nieuwe-buren,Groen010,plek,point
186,Afrikaanderwijk Cooperatie,51.89883333,4.500444444,Afrikaanderwijk,Groen,Groen,http://wijkcooperatie.org/,Groen010,plek,point
187,Afrikaanderwijk Botanische Tuin,51.89966667,4.502916667,Afrikaanderwijk,Groen,Groen,http://btarotterdam.nl/btarotterdam.nl/en/home-2/,Groen010,plek,point
188,In de Roos Bloemhof,51.89463889,4.500055556,Bloemhof,Groen,Groen,http://platformbinnentuinen.nl/tuinen/in-de-roos/,Groen010,plek,point
190,Buurttuin de Regenboog,51.89691667,4.498,Bloemhof,Groen,Groen,http://groeneloper010.nl/groene-plekken-in-feijenoord/regenboog.html,Groen010,plek,point
191,Moskeemoestuin,51.913608,4.506151,Feijenoord,Groen,Groen,https://stichtingsccf.nl/,Groen010,plek,point
192,Nassautuintjes,51.91382,4.506139,Feijenoord,Groen,Groen,groenegolfopzuid.net,Groen010,plek,point
193,Hefpark,51.91227778,4.500777778,Feijenoord,Groen,Groen,www.hefpark.nl,Groen010,plek,point
194,Stampioen Dwarsstraten,51.91211111,4.504388889,Feijenoord,Groen,Groen,,Groen010,plek,point
195,FijnOord Buurtmoestuin,51.89830556,4.5145,Hillesluis,Groen,Groen,https://www.facebook.com/profile.php?id=100006816977821,Groen010,plek,point
196,De Driehoek - Collectieve Binnentuin,51.90055556,4.483194444,Katendrecht,Groen,Groen,http://platformbinnentuinen.nl/tuinen/,Groen010,plek,point
197,De Tuin van Katendrecht,51.900492,4.480309,Katendrecht,Groen,Groen,https://www.dehavenloods.nl/nieuws/algemeen/53918/een-liefdesverklaring-aan-de-tuin-van-katendrecht,Groen010,plek,point
198,Laankwartier II Collectieve Binnentuin,51.93713889,4.583722222,Katendrecht,Groen,Groen,http://platformbinnentuinen.nl/tuinen/laankwartier-ii/,Groen010,plek,point
199,Locomotieftuin,51.90475,4.50675,Kop van Zuid,Groen,Groen,https://www.facebook.com/locomotief.tuin.3/,Groen010,plek,point
200,Natuurtuin - Villa Zebra,51.911447,4.497172,Kop van Zuid,Groen,Groen,https://www.villazebra.nl/,Groen010,plek,point
201,De Overtuin,51.90108333,4.508694444,Kop van Zuid,Groen,Groen,https://overmaas-wonen.nl/al-gebouwd/overtuin/,Groen010,plek,point
202,Halfrondplantsoen,51.911222,4.498847,Kop van Zuid,Groen,Groen,,Groen010,plek,point
203,Oranjeboomtuin,51.90816667,4.506805556,Kop van Zuid,Groen,Groen,http://www.transformism.org/posts/view/1,Groen010,plek,point
204,The Orange Tree Garden,51.909798,4.504745,Kop van Zuid,Groen,Groen,https://www.cbkrotterdam.nl/en/agenda/the-orange-tree-garden-in-time-2021/,Groen010,plek,point
205,Rotterdamse Munt,51.90855556,4.505805556,Kop van Zuid,Groen,Groen,www.rotterdamsemunt.nl,Groen010,plek,point
206,Hof aan de Hef,51.914,4.496166667,Noordereiland,Groen,Groen,,Groen010,plek,point
207,De Tuinen van Tante Nino,51.91418319,4.496820419,Noordereiland,Groen,Groen,https://www.tantenino.org/about,Groen010,plek,point
208,Ons Park,51.91486111,4.49725,Noordereiland,Groen,Groen,https://rotterdamseparken.nl/site/parken/ons-park/,Groen010,plek,point
209,Oeverloos,51.88086111,4.550416667,Feijeroord,Groen,Groen,https://tussentuin.nl/tuinen/oeverloos,Groen010,plek,point
210,Witte Paard Eetbare tuin,51.88553,4.51161,Vreewijk,Groen,Groen,www.hetwittepaardrotterdam.nl,Groen010,plek,point
211,Tuinen Keurings Commissie Vreewijk,51.88542,4.51161,Vreewijk,Groen,Groen,https://www.facebook.com/groups/831639797396172/ ,Groen010,plek,point
212,Drrroomland Buurt- en Nutstuinencomplex,51.96061111,4.514472222,Hilligersberg Noord,Groen,Groen,http://drrroomland.nl,Groen010,plek,point
213,CSA Tuinderij de Stadsboerin,51.968383,4.470014,Schiebroek,Groen,Groen,https://stadsboerinrotterdam.nl/,Groen010,plek,point
214,Natuurtalent (Talentfabriek010),51.96838889,4.471,Schiebroek,Groen,Groen,https://www.facebook.com/natuurtalent010,Groen010,plek,point
215,Voorplanters Rotterdam,51.96811373,4.469844991,Schiebroek,Groen,Groen,https://www.instagram.com/voorplantersrotterdam/,Groen010,plek,point
216,Gedenkbos Schiebroekse Park,51.96839126,4.467937209,Schiebroek,Groen,Groen,,Groen010,plek,point
217,Tuimeltuin,51.96916667,4.474333333,Schiebroek,Groen,Groen,http://www.vtvlusthof.nl/component/tags/tag/6-kantine,Groen010,plek,point
218,Landje aan de Rotte,51.94455556,4.486888889,Terbregge,Groen,Groen,https://www.facebook.com/landjeaanderotte,Groen010,plek,point
219,Buurttuin Beverwaard,51.89401741,4.572315143,Beverwaard,Groen,Groen,,Groen010,plek,point
220,Kasteeltuinen Beverwaard,51.897128,4.570886,Beverwaard,Groen,Groen,https://nl-nl.facebook.com/KasteeltuinenBeverwaard/,Groen010,plek,point
221,Energiehuistuin,51.882215,4.54145,Hordijkerveld,Groen,Groen,https://duurzaam010.nl/events/tuindag-bij-het-energiehuis/,Groen010,plek,point
222,Tuin van de Wijk Lombardijen,51.87340201,4.529173769,Lombardijen,Groen,Groen,groengoedrotterdam.com,Groen010,plek,point
223,Buitenplaats Brienenoord,51.89977778,4.535222222,Oud-IJsselmonde,Groen,Groen,https://www.buitenplaatsbrienenoord.nl/,Groen010,plek,point
224,Boomgaard de Groenx,51.87858333,4.563055556,Reyeroord,Groen,Groen,,Groen010,plek,point
225,Pelgrimskerk,51.88286111,4.54925,Reyeroord,Groen,Groen,https://www.kerkinijsselmonde.nl/pelgrimskerk/,Groen010,plek,point
226,Wijktuin de Esch,51.91411111,4.52225,De Esch,Groen,Groen,http://www.deeschdwl.nl/wijktuin-de-esch/,Groen010,plek,point
227,Groenwaarde - stichting / Bloemenweide,51.909528,4.522789,de Esch,Groen,Groen,https://www.buurtcollectiefdeesch.nl/groenwaarde/,Groen010,plek,point
228,Edible EUr,51.91619444,4.526611111,Kralingen Oost,Groen,Groen,https://www.eshub.nl/edible-eur/?fbclid=IwAR2TaVLcB-x11WWjrUUv-u_maO1ap4owFzgWCBVzowtamv8RwbY41bXe3tg,Groen010,plek,point
229,Lambertuskerktuin,51.920514,4.513628,Kralingen Oost,Groen,Groen,https://www.lambertuskerk-rotterdam.nl/kerktuin.html,Groen010,plek,point
230,Voedselbos Kralingen,51.927412,4.505414,Kralingen West,Groen,Groen,http://www.voedselboskralingen.nl/,Groen010,plek,point
231,s Moes Buurtmoestuin,51.927375,4.504337,Kralingen West,Groen,Groen,https://www.zelfdoeninzh.nl/vrijwilligerswerk-doen/stadstuinierenstadslandbouwvoedselbos/buurtmoestuin-s-moes-rotterdam/,Groen010,plek,point
232,Heemtuin Kralingse Bos,51.94202778,4.514555556,Kralingen West,Groen,Groen,https://www.hetkralingsebos.nl/blog/de-heemtuin,Groen010,plek,point
233,Tuin van Tante Stien,51.93183333,4.487944444,Oud Crooswijk,Groen,Groen,http://platformbinnentuinen.nl/tuinen/tuin-van-tante-stien/,Groen010,plek,point
234,Drijvende tuin Buizengat,51.91869629,4.513716427,Struisenburg,Groen,Groen,https://rdamsenieuwe.nl/nieuws/de-wereld-veranderen-met-drijvende-eilanden/,Groen010,plek,point
235,Klimaatplein Maasboulevard,51.91891667,4.507333333,Struisenburg,Groen,Groen,,Groen010,plek,point
236,Dakgaard,51.92680556,4.479083333,Agniesebuurt,Groen,Groen,https://rotterdamseparken.nl/site/parken/station-hofplein-dakgaard/ ,Groen010,plek,point
237,ZOHO Regentuin Vijverhofstraat,51.928302,4.478748,Agniesebuurt,Groen,Groen,https://rotterdamsweerwoord.nl/plekken/regentuin-zoho/,Groen010,plek,point
239,Zoho tuin,51.92948511,4.479117103,Agniessebuurt,Groen,Groen,,Groen010,plek,point
240,Tuin van de Wijk Ammerooiseplein,51.930037,4.474772,Agniessebuurt,Groen,Groen,https://rotterdamsweerwoord.nl/weerberichten/opening-tuinvandewijk-ammersooiseplein/,Groen010,plek,point
241,Helend Hof,51.93035,4.471980114,Agniessebuurt,Groen,Groen,,Groen010,plek,point
242,Shirley's Straatpark,51.931173,4.474223,Agniessebuurt,Groen,Groen,https://www.burokruisbestuiving.nl/plekken,Groen010,plek,point
243,Rembrandt kinderhof,51.93066667,4.480083333,Agniessebuurt,Groen,Groen,http://platformbinnentuinen.nl/tuinen/rembrandt-kinderhof/,Groen010,plek,point
244,VTV de Schout,51.9305,4.472416667,Agniessebuurt,Groen,Groen,,Groen010,plek,point
245,Oogst Met Mij Mee Tuin,51.93119444,4.473277778,Bergpolder,Groen,Groen,https://www.noorderzon010.nl/bewonersinitiatieven-rotterdam-noord/groente-verbouwen-bij-oogst-met-mij-mee/,Groen010,plek,point
246,Vredestuin Noord,51.939235,4.466955,Bergpolder,Groen,Groen,www.groengoedrotterdam.com,Groen010,plek,point
247,Bloembinderij Geschikt - Collectieve Binnentuin,51.9335,4.463666667,Bergpolder,Groen,Groen,http://platformbinnentuinen.nl/tuinen/bloembinderij-geschikt/,Groen010,plek,point
248,Groene T van Noord,51.936988,4.467032,Bergpolder,Groen,Groen,https://degroenet.nl/,Groen010,plek,point
249,De Tuiniergroep - Savornin Lohmanlaan,51.93619444,4.467055556,Bergpolder,Groen,Groen,https://www.facebook.com/TuiniergroepDeSavorninLohmanlaan/,Groen010,plek,point
250,Pluspunt Buurttuin,51.93361111,4.460694444,Blijdorp,Groen,Groen,www.pluspuntrotterdam.info,Groen010,plek,point
251,Waelheul - collectieve binnentuin,51.93066667,4.46825,Blijdorp,Groen,Groen,http://platformbinnentuinen.nl/tuinen/waelheul/,Groen010,plek,point
252,Gordelwegtuinen,51.93511111,4.456027778,Blijdorp,Groen,Groen,http://gordelwegtuinen.nl/,Groen010,plek,point
254,de Eendracht - Binnenhof Woongebouw,51.93269444,4.454944444,Blijdorp,Groen,Groen,https://rijksmonumenten.nl/monument/524318/woningcomplex-de-eendracht/rotterdam/,Groen010,plek,point
256,Eeuwige Moes,51.92894444,4.456305556,Blijdorp,Groen,Groen,https://www.facebook.com/Eeuwige-Moes-Rotterdam-106228127615947/,Groen010,plek,point
257,Daltonveld,51.93136111,4.448861111,Blijdorpse Polder,Groen,Groen,https://blijdorpnieuws.nl/het-daltonveld/,Groen010,plek,point
258,Muizengaatje,51.94136111,4.4795,Liskwartier,Groen,Groen,www.studionatuurinclusief.nl/het-muizengaatje/,Groen010,plek,point
259,Voedselbos Ackersdijkstraat,51.938315,4.471839,Liskwartier,Groen,Groen,https://explorer.land/p/project/rotterdam-food-forest/site/BBY5BF/about,Groen010,plek,point
260,Pluktuin Liskwartier,51.93913889,4.474361111,Liskwartier,Groen,Groen,https://www.facebook.com/#!/pages/Pluktuin-Liskwartier/140698322773626?fref=ts,Groen010,plek,point
261,Bergwegplantsoen - Buurttuin,51.93877778,4.477611111,Liskwartier; Oude Noorden,Groen,Groen,www.groengoedrotterdam.com,Groen010,plek,point
262,Tuin van de Koning,51.93663889,4.474527778,Liswartier,Groen,Groen,https://www.detuinvandekoning.nl/,Groen010,plek,point
263,Hofdijk Binnentuin,51.92825,4.483277778,Oude Noorden,Groen,Groen,https://www.facebook.com/BinnentuinHofdijk  http://www.platformbinnentuinen.nl/tuinen/binnentuin-hofdijk/,Groen010,plek,point
264,Heliport stadstuin,51.92672222,4.482083333,Oude Noorden,Groen,Groen,https://www.watersensitiverotterdam.nl/verhalen/anonieme-plek-naar-groene-stadstuin/,Groen010,plek,point
265,Binnentuin Noordsingel-Jacob Catsstraat,51.930696,4.48007,Oude Noorden,Groen,Groen,,Groen010,plek,point
266,Tuin van Noord,51.93241667,4.477583333,Oude Noorden,Groen,Groen,http://www.tuinvannoord.nl/,Groen010,plek,point
267,FonTUIN,51.93930556,4.479694444,Oude Noorden,Groen,Groen,https://www.facebook.com/deFontuin?fref=ts,Groen010,plek,point
268,Ruivenstraat Voedselbos,51.938375,4.483777,Oude Noorden,Groen,Groen,https://explorer.land/p/project/rotterdam-food-forest/site/IAVkGV/about,Groen010,plek,point
269,Wolpark,51.93430556,4.4875,Oude Noorden,Groen,Groen,https://www.havensteder.nl/Nieuws/2531/havensteder-en-maas-wijkontwikkeling-zetten-handtekening-onder-ontwikkelplan-32-noord,Groen010,plek,point
270,De Blokkentuin,51.93569444,4.485944444,Oude Noorden,Groen,Groen,https://www.region-lab.nl/?portfolio=blokkentuin,Groen010,plek,point
271,Hooglandstraat Droomstraat,51.93786111,4.480861111,Oude Noorden,Groen,Groen,https://www.vantienenarchitectuur.nl/portfolio/droomstraat-vrijstraat-hoogland-rotterdam/,Groen010,plek,point
272,Louwerslootplein zelfbeheer,51.93688889,4.481416667,Oude Noorden,Groen,Groen,,Groen010,plek,point
273,Zoemdak,51.93753565,4.480513728,Oude Noorden,Groen,Groen,,Groen010,plek,point
274,Bloklandtuin (Groen Goed),51.93566667,4.485583333,Oude Noorden,Groen,Groen,www.groengoedrotterdam.com,Groen010,plek,point
275,Kinderparadijs Meidoorn,51.9355,4.483722222,Oude Noorden,Groen,Groen,www.groengoedrotterdam.com,Groen010,plek,point
276,Wilgenplantsoen,51.93516667,4.485111111,Oude Noorden,Groen,Groen,www.groengoedrotterdam.com,Groen010,plek,point
277,Schoonoordtuin,51.93669444,4.478722222,Oude Noorden,Groen,Groen,http://platformbinnentuinen.nl/tuinen/schoonoordtuin/,Groen010,plek,point
278,Tuin op de Hofbogen,51.92713889,4.478888889,Provenierswijk,Groen,Groen,www.groengoedrotterdam.com,Groen010,plek,point
279,Onze Tuin,51.92855556,4.46975,Provenierswijk,Groen,Groen,http://platformbinnentuinen.nl/tuinen/onze-tuin/,Groen010,plek,point
280,Heultuin,51.929939,4.469868,Provenierswijk,Groen,Groen,https://www.facebook.com/media/set/?vanity=noord010inbeeld&set=a.936725415125273,Groen010,plek,point
281,Ungertuin,51.92925,4.471694444,Provenierswijk,Groen,Groen,,Groen010,plek,point
282,Buurttuin Zuster Hennekenplein,51.926752,4.473989,Provenierswijk,Groen,Groen,,Groen010,plek,point
283,Kleinpolder Pleinpark - Stichting Werkgemeenschap,51.93088889,4.438805556,Kleinpolder,Groen,Groen,https://kleinpolderpleinpark.nl/,Groen010,plek,point
284,Kleinpolderpark,51.931342,4.438661,Kleinpolder,Groen,Groen,http://kleinpolderpleinpark.nl/#stichting,Groen010,plek,point
285,Klein Poldertje - Natuurspeeltuin,51.935872,4.431946,Kleinpolder,Groen,Groen,https://m.facebook.com/Gebied.Overschie/posts/1971686066245140,Groen010,plek,point
286,Sleutelring Schoffelploeg,51.9328975,4.428786043,Kleinpolder,Groen,Groen,https://www.instagram.com/p/C8OjTfEoAyf/,Groen010,plek,point
287,Verstegen Voedselbos,51.924632,4.423737,Kleinpolder,Groen,Groen,https://verstegen.nl/nieuws/verstegen-plant-een-voedselbos-in-de-spaanse-polder-in-rotterdam/,Groen010,plek,point
288,Stichting de Achtertuin,51.94483333,4.428777778,Landzicht,Groen,Groen,https://www.wijkconnect.com/rotterdam/overschie/organisaties/2332/stichting-de-achtertuin,Groen010,plek,point
289,Veerhuiseiland,51.94186111,4.41775,Overschie,Groen,Groen,,Groen010,plek,point
290,Grote Kerk Overschie,51.938928,4.419945,Overschie,Groen,Groen,https://www.stichtinggrotekerkoverschie.nl/,Groen010,plek,point
291,Buitenmuseum Overschie,51.93861111,4.419138889,Overschie,Groen,Groen,http://museumoudoverschie.nl/nl/main/het-museum/buitenmuseum.html,Groen010,plek,point
292,Tuinieren voor Ouderen Overschie - Stichting,51.94125,4.433472222,Overschie,Groen,Groen,https://tuinierenvoorouderen.jouwweb.nl/,Groen010,plek,point
293,Harry's Moestuin,51.9675,4.422444444,Schieveen,Groen,Groen,,Groen010,plek,point
294,Bike Park Rotterdam,51.93722222,4.451972222,Zestienhoven,Groen,Groen,https://bikeparkrotterdam.nl/,Groen010,plek,point
295,Lage Land Voedselbos,51.942452,4.551029,Het Lage Land,Groen,Groen,https://ko-fi.com/lageland,Groen010,plek,point
296,Grasbuurtparkje Ommoord,51.956,4.546777778,Ommoord,Groen,Groen,https://www.youtube.com/channel/UCoaIV8zkkICwbSmzeH7f3Ag/videos,Groen010,plek,point
297,Wijktuin Ommoord,51.96302778,4.538277778,Ommoord,Groen,Groen,https://nl.wikipedia.org/wiki/Wijktuin_Ommoord ,Groen010,plek,point
298,Moestuinmeiden Heidebuurt,51.970106,4.545751,Ommoord,Groen,Groen,https://prinsalexander.info/nieuws/rotterdam/prinsalexander/index.php/2024/06/26/nieuwe-moestuinen-in-prins-alexander/,Groen010,plek,point
299,Ommoordse Veld,51.96716667,4.542055556,Ommoord,Groen,Groen,http://www.ommoordseveld.blogspot.nl/,Groen010,plek,point
300,Söderblomplaats Snoeptuin,51.96402778,4.541194444,Ommoord,Groen,Groen,http://wdbn.nl/projecten,Groen010,plek,point
301,Prinsenpark Natuurtuin,51.93311111,4.553861111,Prinsenland,Groen,Groen,,Groen010,plek,point
302,Taka Tuka Tuin (Wollefoppengroen),51.9675,4.5695,Zevenkamp,Groen,Groen,https://www.wollefoppengroen.nl/contact/,Groen010,plek,point
303,Rozenburg Dorpstuin,51.91325,4.229166667,Rozenburg,Groen,Groen,http://www.dorpstuinrozenburg.nl/,Groen010,plek,point
305,Voedselbos Vlaardingen,51.90644,4.308109,Westwijk,Groen,Groen,https://www.voedselbosvlaardingen.nl/,Groen010,plek,point
306,Textielatelier Katendrecht,51.900761,4.482784,Katendrecht,Circulair,Circulair,https://www.instagram.com/textielatelierkatendrecht/,Groen010,plek,point